{"accuracy": [0.25, 0.30300000309944153, 0.335999995470047, 0.351500004529953, 0.35499998927116394, 0.34950000047683716, 0.3774999976158142, 0.3734999895095825, 0.3959999978542328, 0.3955000042915344, 0.39100000262260437, 0.4074999988079071, 0.42649999260902405, 0.4429999887943268, 0.45500001311302185, 0.46149998903274536, 0.47099998593330383, 0.4830000102519989, 0.47749999165534973, 0.47850000858306885, 0.47699999809265137, 0.47749999165534973, 0.484499990940094, 0.47450000047683716, 0.47450000047683716, 0.484499990940094, 0.4814999997615814], "loss": [1.9328144788742065, 1.7439903020858765, 1.7104406356811523, 1.6294503211975098, 1.639337182044983, 1.6020621061325073, 1.5590486526489258, 1.5564961433410645, 1.5076247453689575, 1.5047913789749146, 1.4622269868850708, 1.4504071474075317, 1.4428962469100952, 1.3897860050201416, 1.3657268285751343, 1.3380041122436523, 1.3338137865066528, 1.322194218635559, 1.30994713306427, 1.3145134449005127, 1.3078651428222656, 1.3289610147476196, 1.3065283298492432, 1.306689739227295, 1.3074023723602295, 1.3069391250610352, 1.301261067390442], "val_accuracy": [0.24199999868869781, 0.20999999344348907, 0.22599999606609344, 0.23800000548362732, 0.28600001335144043, 0.3319999873638153, 0.3319999873638153, 0.3619999885559082, 0.4059999883174896, 0.39399999380111694, 0.3799999952316284, 0.31200000643730164, 0.4359999895095825, 0.39800000190734863, 0.4099999964237213, 0.41999998688697815, 0.4480000138282776, 0.421999990940094, 0.4300000071525574, 0.421999990940094, 0.4099999964237213, 0.414000004529953, 0.42399999499320984, 0.4259999990463257, 0.42399999499320984, 0.421999990940094, 0.41999998688697815], "val_loss": [1.6856458187103271, 1.7689447402954102, 1.7638378143310547, 1.7237495183944702, 1.726364016532898, 1.6064621210098267, 1.5949817895889282, 1.5469118356704712, 1.505031943321228, 1.4894903898239136, 1.523948311805725, 1.793333649635315, 1.425356388092041, 1.4278340339660645, 1.4300192594528198, 1.427336573600769, 1.4090560674667358, 1.4110487699508667, 1.4099254608154297, 1.4053698778152466, 1.4049893617630005, 1.4052475690841675, 1.406508207321167, 1.406415581703186, 1.4066883325576782, 1.4066004753112793, 1.406992793083191], "f1_score": [0.08843836171938362, 0.10328815079365081, 0.10598838712740072, 0.1398818184641267, 0.19098580735101375, 0.27748972259046767, 0.3276245823015011, 0.35346215125978664, 0.3768654888382874, 0.40456957576224467, 0.38902225007699487, 0.27873069984308535, 0.4302321408162318, 0.4215218216379523, 0.45460982598848854, 0.43635484664602636, 0.463708434316313, 0.48410406633535513, 0.4811029813428156, 0.4878747257422664, 0.48974386522433777, 0.4908560678847241, 0.49061993273955345, 0.492390360666324, 0.4922215913758411, 0.4916642069084863, 0.492711802844052], "val_f1_score": [0.09445806451612902, 0.10182642998027615, 0.12781704968994634, 0.16781541197021077, 0.19633936323176993, 0.2675650354726186, 0.2962513519190591, 0.35975868414616197, 0.38589795015743195, 0.3803270670180708, 0.3414770578707616, 0.2728440685771702, 0.4173490031719849, 0.36553658049469984, 0.3936108126421353, 0.40343805156963, 0.4312760953932254, 0.4083132411448201, 0.41399818697091983, 0.40751585937629065, 0.39512854219404403, 0.3989740338453791, 0.40972017878302963, 0.41162450455557337, 0.41036566650592815, 0.40843461872663134, 0.40667541182330297], "learning_rate": [0.0010000000474974513, 0.0010000000474974513, 0.0010000000474974513, 0.0010000000474974513, 0.0010000000474974513, 0.0010000000474974513, 0.0010000000474974513, 0.0010000000474974513, 0.0010000000474974513, 0.0010000000474974513, 0.0010000000474974513, 0.0010000000474974513, 0.00020000000949949026, 0.00020000000949949026, 0.00020000000949949026, 0.00020000000949949026, 4.0000002627493814e-05, 4.0000002627493814e-05, 4.0000002627493814e-05, 4.0000002627493814e-05, 8.000000889296643e-06, 8.000000889296643e-06, 8.000000889296643e-06, 1.6000001323845936e-06, 1.6000001323845936e-06, 1.6000001323845936e-06, 3.200000264769187e-07]}