{"accuracy": [0.31926941871643066, 0.49954336881637573, 0.5402739644050598, 0.5720548033714294, 0.5934246778488159, 0.6133333444595337, 0.621004581451416, 0.644748866558075, 0.6540639400482178, 0.6577168703079224, 0.6635616421699524, 0.6741552352905273, 0.6765297055244446, 0.6847488880157471, 0.6940639019012451, 0.7048401832580566, 0.7128767371177673, 0.7112329006195068, 0.7179908752441406, 0.7232876420021057, 0.7280365228652954, 0.7294977307319641, 0.7368036508560181, 0.7417351603507996, 0.7422831058502197, 0.7508676052093506, 0.7461187243461609, 0.7541552782058716, 0.746666669845581, 0.7541552782058716], "loss": [1.9943530559539795, 1.5461326837539673, 1.3986536264419556, 1.3081090450286865, 1.2539455890655518, 1.1968581676483154, 1.1459686756134033, 1.0990022420883179, 1.0766568183898926, 1.0510615110397339, 1.022966742515564, 0.9989331960678101, 0.9768543243408203, 0.9590691924095154, 0.9349362254142761, 0.9005902409553528, 0.8920384645462036, 0.8858155608177185, 0.8674166202545166, 0.8545124530792236, 0.8464360237121582, 0.8169435858726501, 0.8068600296974182, 0.7918781042098999, 0.7907131314277649, 0.7680895328521729, 0.7686722278594971, 0.7588801383972168, 0.7706807255744934, 0.7570160031318665], "val_accuracy": [0.5058479309082031, 0.5533625483512878, 0.5833333134651184, 0.6001461744308472, 0.6118420958518982, 0.621345043182373, 0.6388888955116272, 0.6396198868751526, 0.6381579041481018, 0.6418128609657288, 0.6542397737503052, 0.6586257219314575, 0.6615496873855591, 0.6644737124443054, 0.6608186960220337, 0.6695906519889832, 0.6703216433525085, 0.6725146174430847, 0.6776315569877625, 0.6820175647735596, 0.6856725215911865, 0.6842105388641357, 0.6834795475006104, 0.6871345043182373, 0.6893274784088135, 0.6929824352264404, 0.6915204524993896, 0.6907894611358643, 0.6907894611358643, 0.6900584697723389], "val_loss": [1.5568886995315552, 1.3475737571716309, 1.2541149854660034, 1.1955575942993164, 1.1578011512756348, 1.130869746208191, 1.101576566696167, 1.0770893096923828, 1.0659418106079102, 1.0551393032073975, 1.0379109382629395, 1.0245206356048584, 1.0117675065994263, 1.0007505416870117, 0.9899219870567322, 0.9793814420700073, 0.9715685844421387, 0.9669227004051208, 0.9619630575180054, 0.9571524262428284, 0.9458798170089722, 0.9450827240943909, 0.9392554759979248, 0.9355342984199524, 0.9321562051773071, 0.9320399165153503, 0.9314436912536621, 0.9281617999076843, 0.9284335374832153, 0.9280891418457031], "f1_score": [0.5260902247241078, 0.5881624158402594, 0.6304323486896654, 0.6596045313381853, 0.6833094601004979, 0.7005768350724689, 0.7154018347509175, 0.7271907773942353, 0.7433672266178138, 0.7509496024886236, 0.7559103598048761, 0.7675975415187674, 0.7776094280214433, 0.7844457657541645, 0.7930295544047742, 0.7984918153529429, 0.8098029115427893, 0.8132918244756068, 0.8172294953823737, 0.8298654915383838, 0.8352687016242387, 0.8369081182946941, 0.8454508619480924, 0.8479030865618025, 0.8526562350963456, 0.8553194971866362, 0.856262209675819, 0.8571243317468219, 0.857883323986263, 0.8576973639906722], "val_f1_score": [0.49398405597573825, 0.5422843435016537, 0.5799021576217636, 0.5966443265252751, 0.6102589954065532, 0.6196110011708941, 0.6369313774476971, 0.6384390610176027, 0.637028730104395, 0.6413579113271407, 0.6519495558091577, 0.6583368376501554, 0.6617406593781221, 0.6635452648837923, 0.6624753193385, 0.6691073697206505, 0.6704703732939437, 0.6736973783065843, 0.6780119133650145, 0.6809486087831774, 0.6854181227796621, 0.6838636129887079, 0.6835869623896911, 0.6850117486778474, 0.6893590140025002, 0.6928454595939593, 0.6910011545020092, 0.6900794155331702, 0.6906412033740815, 0.6899000540782876], "learning_rate": [9.999999747378752e-05, 9.999999747378752e-05, 9.999999747378752e-05, 9.999999747378752e-05, 9.999999747378752e-05, 9.999999747378752e-05, 9.999999747378752e-05, 9.999999747378752e-05, 9.999999747378752e-05, 9.999999747378752e-05, 9.999999747378752e-05, 9.999999747378752e-05, 9.999999747378752e-05, 9.999999747378752e-05, 9.999999747378752e-05, 9.999999747378752e-05, 9.999999747378752e-05, 9.999999747378752e-05, 9.999999747378752e-05, 9.999999747378752e-05, 9.999999747378752e-05, 9.999999747378752e-05, 9.999999747378752e-05, 9.999999747378752e-05, 1.9999999494757503e-05, 1.9999999494757503e-05, 1.9999999494757503e-05, 1.9999999494757503e-05, 1.9999999494757503e-05, 3.999999989900971e-06]}